{"epoch": 6, "loss": 0.06675958043978183, "_timestamp": 1731785368.1184251, "_runtime": 38.316766023635864, "_step": 5, "_wandb": {"runtime": 38}}