{"epoch": 100, "loss": 4.3561229977426645, "_timestamp": 1731790788.240819, "_runtime": 225.1566550731659, "_step": 99, "_wandb": {"runtime": 225}}