{"_timestamp":1.73427922395855e+09,"_runtime":581.626498,"_step":32,"epoch":33,"train_loss":0.2530875334256812,"val_loss":0.25242392532527447,"_wandb":{"runtime":583}}