{"epoch":91,"train_loss":0.0295071800038973,"val_loss":0.06011636974290013,"_timestamp":1.734890624662386e+09,"_runtime":1027.463865,"_wandb":{"runtime":1028},"_step":90}