{"epoch": 10, "loss": 0.3349729638688172, "_timestamp": 1731789106.869875, "_runtime": 47.93176603317261, "_step": 9, "_wandb": {"runtime": 48}}