{"_runtime":1162.176924,"_wandb":{"runtime":1163},"_step":99,"epoch":100,"train_loss":0.031240561411161966,"val_loss":0.04301795782521367,"_timestamp":1.7342879408725388e+09}