{"_runtime":16.398377,"_step":0,"epoch":1,"train_loss":0.2787805661747727,"val_loss":0.2668617758899927,"_timestamp":1.734948784028526e+09,"_wandb":{"runtime":17}}