{"val_loss":0.0333916237577796,"_timestamp":1.7349035680306282e+09,"_wandb":{"runtime":1225},"_runtime":1223.605936,"_step":99,"epoch":100,"train_loss":0.022557479081840456}