{"epoch": 6, "loss": 826.0666581165941, "_timestamp": 1731789843.56796, "_runtime": 38.573384046554565, "_step": 5, "_wandb": {"runtime": 39}}