{"_wandb":{"runtime":1023},"epoch":100,"train_loss":0.031240561411161966,"val_loss":0.04301795782521367,"_timestamp":1.734286075953556e+09,"_runtime":1021.995944,"_step":99}