{"epoch": 20, "loss": 460.6497184656843, "_timestamp": 1731790005.7117162, "_runtime": 70.43078207969666, "_step": 19, "_wandb": {"runtime": 71}}