{"epoch": 12, "train_loss": 0.183353692859034, "val_loss": 0.263432364910841, "_timestamp": 1734096347.6056828, "_runtime": 193.52421689033508, "_step": 11, "_wandb": {"runtime": 194}}