{"epoch": 6, "loss": 0.0978425804348219, "_timestamp": 1731851519.8936498, "_runtime": 54.61497187614441, "_step": 5, "_wandb": {"runtime": 54}}