{"epoch": 6, "loss": 0.0978425804348219, "_timestamp": 1731851160.550101, "_runtime": 50.63401913642883, "_step": 5, "_wandb": {"runtime": 49}}