{"epoch": 28, "train_loss": 0.25265966148316105, "val_loss": 0.2525223959237337, "_timestamp": 1734176193.441613, "_runtime": 464.8592219352722, "_step": 27, "_wandb": {"runtime": 465}}