{"_runtime":335.396495,"_step":16,"epoch":17,"train_loss":0.1265536632530297,"val_loss":0.30225422978401184,"_wandb":{"runtime":337},"_timestamp":1.734268654155444e+09}