{"epoch": 6, "loss": 0.07648642945893203, "_timestamp": 1731783566.506311, "_runtime": 47.57361102104187, "_step": 5, "_wandb": {"runtime": 48}}