{"epoch": 50, "loss": 0.16632885194960095, "_timestamp": 1731855593.341747, "_runtime": 169.6904809474945, "_step": 49, "_wandb": {"runtime": 169}}