{"epoch": 6, "loss": 0.06675958043978183, "_timestamp": 1731785768.7354581, "_runtime": 41.68070101737976, "_step": 5, "_wandb": {"runtime": 41}}