{"epoch": 6, "loss": 0.0815380611751653, "_timestamp": 1731789529.09306, "_runtime": 40.16535210609436, "_step": 5, "_wandb": {"runtime": 40}}