{"_wandb":{"runtime":1234},"_timestamp":1.735214992866653e+09,"_runtime":1232.967086,"_step":99,"epoch":100,"train_loss":0.11730738682082936,"val_loss":0.12698088865727186}