{"_runtime":1208.357796,"_step":99,"epoch":100,"train_loss":0.03413344184054604,"_wandb":{"runtime":1209},"val_loss":0.05048005701974034,"_timestamp":1.734905474437532e+09}