{"epoch": 60, "train_loss": 0.05246658604356307, "val_loss": 0.04284330038353801, "_timestamp": 1731874611.503326, "_runtime": 278.6659588813782, "_step": 59, "_wandb": {"runtime": 278}}