{"epoch": 10, "loss": 0.4999639889861964, "_timestamp": 1731846945.25436, "_runtime": 50.90486407279968, "_step": 9, "_wandb": {"runtime": 51}}