{"epoch": 20, "loss": 460.6497184656843, "_timestamp": 1731790238.602921, "_runtime": 67.10133194923401, "_step": 19, "_wandb": {"runtime": 67}}