{"epoch": 11, "train_loss": 0.21214579705950581, "val_loss": 0.26129404455423355, "_timestamp": 1734175717.5542521, "_runtime": 217.03652119636536, "_step": 10, "_wandb": {"runtime": 217}}