{"epoch":25,"_wandb":{"runtime":416},"train_loss":0.25323719635039943,"val_loss":0.25847118720412254,"_timestamp":1.7342777331960828e+09,"_runtime":414.735664,"_step":24}