{"_timestamp":1.73489301675264e+09,"_runtime":1112.311005,"_wandb":{"runtime":1114},"_step":99,"epoch":100,"train_loss":0.022557479081840456,"val_loss":0.0333916237577796}