{"epoch": 18, "train_loss": 0.12012009841354587, "val_loss": 0.15801844373345375, "_timestamp": 1731872029.814966, "_runtime": 91.9740538597107, "_step": 17, "_wandb": {"runtime": 92}}