{"epoch": 6, "loss": 0.032013677646006856, "_timestamp": 1731717625.885591, "_runtime": 57.70225811004639, "_step": 5, "_wandb": {"runtime": 59}}