{"train_loss":0.03158110233990452,"val_loss":0.04466702230274677,"_timestamp":1.734289090911086e+09,"_runtime":1146.032865,"_step":99,"epoch":100,"_wandb":{"runtime":1147}}