{"epoch": 50, "loss": 0.078035721324739, "_timestamp": 1731851899.128204, "_runtime": 171.34566020965576, "_step": 49, "_wandb": {"runtime": 171}}