{"_step":45,"epoch":46,"train_loss":0.23138515651226044,"val_loss":0.183422377333045,"_timestamp":1.734878998865432e+09,"_wandb":{"runtime":658},"_runtime":657.425061}