{"epoch": 68, "train_loss": 0.02624724488233841, "val_loss": 0.04004760691896081, "_timestamp": 1731874230.718812, "_runtime": 323.1503539085388, "_step": 67, "_wandb": {"runtime": 323}}