{"train_loss":0.5834958538224425,"val_loss":0.5087618343532085,"_timestamp":1.734284759495892e+09,"_runtime":361.657005,"_step":28,"_wandb":{"runtime":363},"epoch":29}