{"_timestamp":1.7352125416300821e+09,"_wandb":{"runtime":1362},"_runtime":1360.753147,"_step":99,"epoch":100,"train_loss":0.06284167028114765,"val_loss":0.0671331905759871}