{"epoch": 6, "loss": 0.07648642945893203, "_timestamp": 1731784078.034765, "_runtime": 46.86049199104309, "_step": 5, "_wandb": {"runtime": 47}}