{"_step":11,"_wandb":{"runtime":135},"epoch":12,"train_loss":0.183353692859034,"val_loss":0.263432364910841,"_timestamp":1.7342671234280052e+09,"_runtime":134.634986}