{"_step":15,"epoch":16,"train_loss":0.15054312716179255,"val_loss":0.2872752286493778,"_timestamp":1.73427859357553e+09,"_wandb":{"runtime":259},"_runtime":258.450926}