{"_wandb":{"runtime":1137},"epoch":100,"train_loss":0.04447001100906843,"val_loss":0.06184163922443986,"_timestamp":1.734950048591536e+09,"_runtime":1136.576352,"_step":99}