{"epoch":25,"train_loss":0.25323719653902177,"val_loss":0.25847118720412254,"_timestamp":1.7342835925388339e+09,"_runtime":156.056875,"_step":24,"_wandb":{"runtime":157}}