{"_timestamp":1.7342893309155982e+09,"_runtime":236.905785,"_step":21,"_wandb":{"runtime":238},"epoch":22,"train_loss":0.17054505212397514,"val_loss":0.18236035853624344}