{"epoch": 6, "loss": 0.06848629766815825, "_timestamp": 1731788503.1321049, "_runtime": 42.036892890930176, "_step": 5, "_wandb": {"runtime": 42}}