{"train_loss":0.06103371578869941,"val_loss":0.079542544670403,"_timestamp":1.734881632773637e+09,"_wandb":{"runtime":1041},"_runtime":1040.111815,"_step":99,"epoch":100}