{"epoch": 48, "train_loss": 0.058214384190078024, "val_loss": 0.06893510092049837, "_timestamp": 1731873394.961129, "_runtime": 260.615571975708, "_step": 47, "_wandb": {"runtime": 260}}