{"epoch": 12, "train_loss": 0.16875165512290183, "val_loss": 0.2963828854262829, "_timestamp": 1734097776.9898949, "_runtime": 180.24994087219238, "_step": 11, "_wandb": {"runtime": 180}}