{"epoch": 6, "loss": 0.0815380611751653, "_timestamp": 1731789456.40333, "_runtime": 38.31828808784485, "_step": 5, "_wandb": {"runtime": 38}}