{"val_loss":0.10337991546839476,"_timestamp":1.734880124752384e+09,"_wandb":{"runtime":775},"_runtime":773.827849,"_step":57,"epoch":58,"train_loss":0.07462687531038176}