{"epoch": 50, "loss": 104.09005998056146, "_timestamp": 1731790478.4162822, "_runtime": 124.86031007766724, "_step": 49, "_wandb": {"runtime": 125}}