{"epoch": 10, "loss": 0.19005863179888907, "_timestamp": 1731847069.6073651, "_runtime": 49.50689101219177, "_step": 9, "_wandb": {"runtime": 50}}