{"val_loss":0.2525223959237337,"_timestamp":1.734259960575305e+09,"_runtime":321.579699,"_step":27,"_wandb":{"runtime":322},"epoch":28,"train_loss":0.25265966148316105}