{"val_loss":0.0333916237577796,"_timestamp":1.734951784968585e+09,"_runtime":1070.633689,"_wandb":{"runtime":1071},"_step":99,"epoch":100,"train_loss":0.022557479081840456}